LİNYE,AÇIKLAMA,HESAP YÜKÜ (W),SİGORTA,KABLO
SALON+MUTFAK,priz,4,300,1200,P1
SALON+MUTFAK,tv,1,20,20,P1
SALON+MUTFAK,lamba,2,100,200,A1
SALON+MUTFAK,priz,2,300,600,P3
SALON+MUTFAK,priz_firin,1,3300,3300,PF
SALON+MUTFAK,priz_asp,1,150,150,P3
SALON+MUTFAK,priz_klima,1,1800,1800,PK
YATAK ODASI,priz,3,300,900,P2
YATAK ODASI,tv,1,20,20,P2
YATAK ODASI,lamba,1,100,100,A1
BANYO+WC,priz_cm,1,2000,2000,PM
BANYO+WC,priz_sofben,1,1800,1800,PS
BANYO+WC,priz_ip44,1,300,300,A2
BANYO+WC,lamba_fl,1,120,120,A2
BALKON,priz_ip44,1,300,300,A2
BALKON,lamba_fl,1,120,120,A2
ANTRE,lamba,1,100,100,A1
ANTRE,priz,1,300,300,P1
ANTRE,zil,1,30,30,A1
TOPLAM,,,,,13360
